Title,Company,Stipend,Experience,Posted Time,Job Link
N/A,N/A,N/A,N/A,N/A,N/A
"Technical Writer (Ecommerce, M/A)",Ecomswap,"₹ 3,20,000 - 5,20,000",1 year(s),Today,https://internshala.com/job/detail/remote-technical-writer-ecommerce-m-a-job-at-ecomswap1751891165
Creative Designer,Arrc Technology,"₹ 2,00,000",1 year(s),Today,https://internshala.com/job/detail/remote-creative-designer-job-at-arrc-technology1751889122
Creative Designer,Lucio Ai,"₹ 4,00,000 - 10,00,000",1 year(s),Today,https://internshala.com/job/detail/remote-creative-designer-job-at-lucio-ai1751888695
Junior Social Media Marketing Specialist,India Animal Fund,"₹ 3,60,000 - 4,80,000",1 year(s),Today,https://internshala.com/job/detail/remote-junior-social-media-marketing-specialist-job-at-india-animal-fund1751885900
Social Media & Video Editing Executive,GrowEIT Digital Marketing Agency,"₹ 2,00,000",1 year(s),Today,https://internshala.com/job/detail/remote-social-media-video-editing-executive-job-at-groweit-digital-marketing-agency1751881304
Senior Video Editor,BrandGills,"₹ 2,05,000 - 2,66,000",1 year(s),1 day ago,https://internshala.com/job/detail/remote-senior-video-editor-job-at-brandgills1751807929
Associate Backend Developer,INVESTEEKS,"₹ 3,00,000 - 3,60,000",1 year(s),2 days ago,https://internshala.com/job/detail/remote-associate-backend-developer-job-at-investeeks1751709156
Graphic Designer,DigiDynamic,"₹ 3,00,000 - 5,00,000",1 year(s),2 days ago,https://internshala.com/job/detail/remote-graphic-designer-job-at-digidynamic1751709113
Graphic Designer,Ganesh Kulariya LLP,"₹ 3,00,000",1 year(s),2 days ago,https://internshala.com/job/detail/remote-graphic-designer-job-at-ganesh-kulariya-llp1751708685
Associate Backend Developer,INVESTEEKS,"₹ 2,90,000 - 3,50,000",1 year(s),2 days ago,https://internshala.com/job/detail/remote-associate-backend-developer-job-at-investeeks1751688385
N/A,N/A,N/A,N/A,N/A,N/A
Graphic Designing Specialist,Bridge2job,"₹ 2,50,000 - 3,00,000",1 year(s),2 days ago,https://internshala.com/job/detail/remote-graphic-designing-specialist-job-at-bridge2job1751687839
Video Editor,Clay Cutters India,"₹ 2,00,000",1 year(s),N/A,https://internshala.com/job/detail/remote-part-time-video-editor-job-at-clay-cutters-india1751631415
Graphic Designer,Maayasthra,"₹ 3,00,000",1 year(s),N/A,https://internshala.com/job/detail/remote-graphic-designer-job-at-maayasthra1751630120
Mechanical Engineer,Macdev Engineering Solutions,"₹ 3,00,000",1 year(s),N/A,https://internshala.com/job/detail/remote-mechanical-engineer-job-at-macdev-engineering-solutions1751627026
Business Analyst,Tenex Consultancy Services,"₹ 2,00,000 - 3,00,000",1 year(s),N/A,https://internshala.com/job/detail/remote-business-analyst-job-at-tenex-consultancy-services1751625405
Social Media Marketing Executive,TuteeHUB Solutions Private Limited,"₹ 2,00,000 - 3,00,000",1 year(s),N/A,https://internshala.com/job/detail/remote-social-media-marketing-executive-job-at-tuteehub-solutions-private-limited1751624231
2D Animator,One Media Group,"₹ 2,40,000 - 3,60,000",1 year(s),N/A,https://internshala.com/job/detail/remote-2d-animator-job-at-one-media-group1751624186
Video Editor,Establisho,"₹ 2,00,000 - 3,60,000",1 year(s),N/A,https://internshala.com/job/detail/remote-video-editor-job-at-establisho1751623870
Software Engineer,Cognavi India Pvt. Ltd.,"₹ 2,00,000",1 year(s),N/A,https://internshala.com/job/detail/remote-part-time-software-engineer-job-at-cognavi-india-pvt-ltd1751621720
Junior Social Media Marketing Manager,TradeX,"₹ 2,40,000 - 3,00,000",1 year(s),N/A,https://internshala.com/job/detail/remote-junior-social-media-marketing-manager-job-at-tradex1751620135
Associate Content Writer,Delkon Technologies,"₹ 4,00,000 - 4,20,000",1 year(s),N/A,https://internshala.com/job/detail/remote-associate-content-writer-job-at-delkon-technologies1751608207
2D Animator,One Media Group,"₹ 2,40,000 - 3,60,000",1 year(s),N/A,https://internshala.com/job/detail/remote-2d-animator-job-at-one-media-group1751603014
Content Writer,UNV Digital,"₹ 2,40,000 - 3,00,000",1 year(s),N/A,https://internshala.com/job/detail/remote-content-writer-job-at-unv-digital1751601538
Senior Content Editor/Coordinator,Practice Buzz,"₹ 3,60,000 - 7,20,000",1 year(s),N/A,https://internshala.com/job/detail/remote-senior-content-editor-coordinator-job-at-practice-buzz1751542317
Web Content Writer,Practice Buzz,"₹ 2,40,000 - 4,80,000",1 year(s),N/A,https://internshala.com/job/detail/remote-web-content-writer-job-at-practice-buzz1751542306
Junior Social Media Marketing Executive,Ipunch Digital,"₹ 2,00,000 - 3,00,000",1 year(s),N/A,https://internshala.com/job/detail/remote-junior-social-media-marketing-executive-job-at-ipunch-digital1751540361
Fundraising Manager,Swayam Foundation,"₹ 2,05,000 - 3,00,000",1 year(s),N/A,https://internshala.com/job/detail/remote-fundraising-manager-job-at-swayam-foundation1751530861
Video Editor,Advit Sahdev,"₹ 4,80,000",1 year(s),N/A,https://internshala.com/job/detail/remote-video-editor-job-at-advit-sahdev1751530294
Software Trainer/Faculty,Datapro Computers Pvt Ltd,"₹ 3,50,000 - 6,00,000",1 year(s),N/A,https://internshala.com/job/detail/remote-software-trainer-faculty-job-at-datapro-computers-pvt-ltd1751513618
Business Manager,Geek Creative Agency,"₹ 3,00,000 - 6,00,000",1 year(s),N/A,https://internshala.com/job/detail/remote-business-manager-job-at-geek-creative-agency1751512147
Digital Marketing Manager,Prime Landlords GmbH,"₹ 3,00,000 - 4,50,000",1 year(s),N/A,https://internshala.com/job/detail/remote-digital-marketing-manager-job-at-dinesh-reddy1751511503
Social Media Content Creator,Window To The Womb - Cardiff,"₹ 2,00,000 - 5,00,000",1 year(s),N/A,https://internshala.com/job/detail/remote-social-media-content-creator-job-at-window-to-the-womb-cardiff1751477093
Video Editor,Shivani  S,"₹ 2,20,000",1 year(s),N/A,https://internshala.com/job/detail/remote-video-editor-job-at-shivani-s1751462146
Video Editor,Shivani Sukhija,"₹ 2,20,000",1 year(s),N/A,https://internshala.com/job/detail/remote-video-editor-job-at-shivani-sukhija1751462072
Math Content Creator,ThinkTac,"₹ 2,60,000 - 3,00,000",1 year(s),N/A,https://internshala.com/job/detail/remote-math-content-creator-job-at-thinktac1751460215
Video Editor,Fitmaize,"₹ 2,30,000 - 3,40,000",1 year(s),N/A,https://internshala.com/job/detail/remote-video-editor-job-at-fitmaize1751452163
Social Media Manager,Fitmaize,"₹ 2,20,000 - 3,30,000",1 year(s),N/A,https://internshala.com/job/detail/remote-social-media-manager-job-at-fitmaize1751450260
Data Entry Associate,Mustang Enterprise Private Limited,"₹ 2,00,000 - 2,40,000",1 year(s),N/A,https://internshala.com/job/detail/remote-part-time-data-entry-associate-job-at-mustang-enterprise-private-limited1751443954
Graphic Designer,Bridge2job,"₹ 2,50,000 - 3,00,000",1 year(s),N/A,https://internshala.com/job/detail/remote-graphic-designer-job-at-bridge2job1751436638
WordPress Developer,Mumbai Web Design Company (MWD),"₹ 2,00,000 - 2,10,002",1 year(s),N/A,https://internshala.com/job/detail/remote-wordpress-developer-job-at-mumbai-web-design-company-mwd1751428462
